ErrorID,ÉtÉ@ÉCÉãñº,î≠ê∂éûçè,èCê≥éûçè
1,CCConverterStart.java,0,0
2,CCConverterStart.java,1,0
3,CCConverterStart.java,2,0
4,CCConverterStart.java,3,0
5,CCConverterStart.java,4,0
6,CCConverterStart.java,5,0
7,CCGraphFrame.java,6,0
8,CCGraphFrame.java,7,0
9,CCGraphFrame.java,8,0
10,CCGraphFrame.java,9,0
11,CCGraphFrame.java,10,0
12,CCGraphFrame.java,11,0
13,CCGraphFrame.java,12,0
14,CCGraphFrame.java,13,0
15,CCGraphFrame.java,14,0
16,CCGraphFrame.java,15,0
17,CCGraphFrame.java,16,0
18,CCGraphFrame.java,17,0
19,CCGraphFrame.java,18,0
20,CCGraphFrame.java,19,0
21,CCGraphFrame.java,20,0
22,CCGraphFrame.java,21,0
23,CCGraphFrame.java,22,0
24,CCGraphFrame.java,23,0
25,CCGraphFrame.java,24,0
26,CCGraphFrame.java,25,0
27,CCGraphFrame.java,26,0
28,CCGraphFrame.java,27,0
29,CCGraphFrame.java,28,0
30,CCConverterStart.java,29,2
31,CCGraphFrame.java,30,0
32,CCGraphFrame.java,31,0
33,CCGraphFrame.java,32,0
34,CCGraphFrame.java,33,0
35,CCGraphFrame.java,34,0
36,CCGraphFrame.java,35,0
37,CCGraphFrame.java,36,0
38,CCGraphFrame.java,37,0
39,CCGraphFrame.java,38,0
40,CCGraphFrame.java,39,0
41,CCGraphFrame.java,40,0
42,CCGraphFrame.java,41,0
43,CCGraphFrame.java,42,0
44,CCGraphFrame.java,43,0
45,CCGraphFrame.java,44,0
46,CCGraphFrame.java,45,0
47,CCGraphFrame.java,46,0
48,CCGraphFrame.java,47,0
